{"contributors": null, "truncated": false, 
    "text": "RT @CuteScarley: A Sincere Public Apology to All Christians or Fire Her!\n\nPressure grows for 'The View' star Joy Behar to apologize over an\u2026", "is_quote_status": false, "in_reply_to_status_id": null, "id": 973396410388402176, "favorite_count": 0, "entities": {"symbols": [], "user_mentions": [{"id": 4660013206, "indices": [3, 15], "id_str": "4660013206", "screen_name": "CuteScarley", "name": "Cutie1 #KeepAmericaGreat!"}], "hashtags": [], "urls": []}, "retweeted": false, "coordinates": null, "source": "<a href=\"http://twitter.com/download/android\" rel=\"nofollow\">Twitter for Android</a>", "in_reply_to_screen_name": null, "in_reply_to_user_id": null, "retweet_count": 59, "id_str": "973396410388402176", "favorited": false, "retweeted_status": {"contributors": null, "truncated": true, "text": "A Sincere Public Apology to All Christians or Fire Her!\n\nPressure grows for 'The View' star Joy Behar to apologize\u2026 https://t.co/5GOnx9ueS2", "is_quote_status": false, "in_reply_to_status_id": null, "id": 973125992851091456, "favorite_count": 61, "entities": {"symbols": [], "user_mentions": [], "hashtags": [], "urls": [{"url": "https://t.co/5GOnx9ueS2", "indices": [116, 139], "expanded_url": "https://twitter.com/i/web/status/973125992851091456", "display_url": "twitter.com/i/web/status/9\u2026"}]}, "retweeted": false, "coordinates": null, "source": "<a href=\"http://twitter.com\" rel=\"nofollow\">Twitter Web Client</a>", "in_reply_to_screen_name": null, "in_reply_to_user_id": null, "retweet_count": 59, "id_str": "973125992851091456", "favorited": false, "user": {"follow_request_sent": false, "has_extended_profile": false, "profile_use_background_image": true, "default_profile_image": false, "id": 4660013206, "profile_background_image_url_https": null, "verified": false, "translator_type": "none", "profile_text_color": "333333", "profile_image_url_https": "https://pbs.twimg.com/profile_images/946490721959165952/IrrRR-_T_normal.jpg", "profile_sidebar_fill_color": "DDEEF6", "entities": {"description": {"urls": []}}, "followers_count": 25277, "profile_sidebar_border_color": "C0DEED", "id_str": "4660013206", "profile_background_color": "F5F8FA", "listed_count": 94, "is_translation_enabled": false, "utc_offset": -14400, "statuses_count": 143441, "description": "#TrumpForLife #NotABot  #StandWithNRA #2ndSpecialProsecutor #FederalGrandJury   MAGA         Joined Twitter 1/16 for Trump.", "friends_count": 13966, "location": "", "profile_link_color": "1DA1F2", "profile_image_url": "http://pbs.twimg.com/profile_images/946490721959165952/IrrRR-_T_normal.jpg", "following": false, "geo_enabled": false, "profile_banner_url": "https://pbs.twimg.com/profile_banners/4660013206/1453844948", "profile_background_image_url": null, "screen_name": "CuteScarley", "lang": "en", "profile_background_tile": false, "favourites_count": 90926, "name": "Cutie1 #KeepAmericaGreat!", "notifications": false, "url": null, "created_at": "Thu Dec 31 02:17:56 +0000 2015", "contributors_enabled": false, "time_zone": "Eastern Time (US & Canada)", "protected": false, "default_profile": true, "is_translator": false}, "geo": null, "in_reply_to_user_id_str": null, "possibly_sensitive": false, "lang": "en", "created_at": "Mon Mar 12 09:18:11 +0000 2018", "in_reply_to_status_id_str": null, "place": null, "metadata": {"iso_language_code": "en", "result_type": "recent"}}, "user": {"follow_request_sent": false, "has_extended_profile": false, "profile_use_background_image": true, "default_profile_image": false, "id": 798746237294018560, "profile_background_image_url_https": null, "verified": false, "translator_type": "none", "profile_text_color": "333333", "profile_image_url_https": "https://pbs.twimg.com/profile_images/819599687464394757/VEnWTgBq_normal.jpg", "profile_sidebar_fill_color": "DDEEF6", "entities": {"description": {"urls": []}}, "followers_count": 6375, "profile_sidebar_border_color": "C0DEED", "id_str": "798746237294018560", "profile_background_color": "F5F8FA", "listed_count": 5, "is_translation_enabled": false, "utc_offset": null, "statuses_count": 18036, "description": "Ohio State grad, Packers & Penguins fan, survivor rust belt liberalism. Reagan & Trump conservative & proud of it. Military history & bourbon enthusiast. #MAGA", "friends_count": 6823, "location": "", "profile_link_color": "1DA1F2", "profile_image_url": "http://pbs.twimg.com/profile_images/819599687464394757/VEnWTgBq_normal.jpg", "following": false, "geo_enabled": false, "profile_background_image_url": null, "screen_name": "RonCentrelloJr", "lang": "en", "profile_background_tile": false, "favourites_count": 15685, "name": "Ron Centrello Jr", "notifications": false, "url": null, "created_at": "Wed Nov 16 04:35:17 +0000 2016", "contributors_enabled": false, "time_zone": null, "protected": false, "default_profile": true, "is_translator": false}, "geo": null, "in_reply_to_user_id_str": null, "lang": "en", "created_at": "Tue Mar 13 03:12:43 +0000 2018", "in_reply_to_status_id_str": null, "place": null, "metadata": {"iso_language_code": "en", "result_type": "recent"}
]




{"contributors": null, "truncated": false, "text": "RT @CuteScarley: A Sincere Public Apology to All Christians or Fire Her!\n\nPressure grows for 'The View' star Joy Behar to apologize over an\u2026", "is_quote_status": false, "in_reply_to_status_id": null, "id": 973395553911533568, "favorite_count": 0, "entities": {"symbols": [], "user_mentions": [{"id": 4660013206, "indices": [3, 15], "id_str": "4660013206", "screen_name": "CuteScarley", "name": "Cutie1 #KeepAmericaGreat!"}], "hashtags": [], "urls": []}, "retweeted": false, "coordinates": null, "source": "<a href=\"http://twitter.com/download/android\" rel=\"nofollow\">Twitter for Android</a>", "in_reply_to_screen_name": null, "in_reply_to_user_id": null, "retweet_count": 59, "id_str": "973395553911533568", "favorited": false, "retweeted_status": {"contributors": null, "truncated": true, "text": "A Sincere Public Apology to All Christians or Fire Her!\n\nPressure grows for 'The View' star Joy Behar to apologize\u2026 https://t.co/5GOnx9ueS2", "is_quote_status": false, "in_reply_to_status_id": null, "id": 973125992851091456, "favorite_count": 61, "entities": {"symbols": [], "user_mentions": [], "hashtags": [], "urls": [{"url": "https://t.co/5GOnx9ueS2", "indices": [116, 139], "expanded_url": "https://twitter.com/i/web/status/973125992851091456", "display_url": "twitter.com/i/web/status/9\u2026"}]}, "retweeted": false, "coordinates": null, "source": "<a href=\"http://twitter.com\" rel=\"nofollow\">Twitter Web Client</a>", "in_reply_to_screen_name": null, "in_reply_to_user_id": null, "retweet_count": 59, "id_str": "973125992851091456", "favorited": false, "user": {"follow_request_sent": false, "has_extended_profile": false, "profile_use_background_image": true, "default_profile_image": false, "id": 4660013206, "profile_background_image_url_https": null, "verified": false, "translator_type": "none", "profile_text_color": "333333", "profile_image_url_https": "https://pbs.twimg.com/profile_images/946490721959165952/IrrRR-_T_normal.jpg", "profile_sidebar_fill_color": "DDEEF6", "entities": {"description": {"urls": []}}, "followers_count": 25277, "profile_sidebar_border_color": "C0DEED", "id_str": "4660013206", "profile_background_color": "F5F8FA", "listed_count": 94, "is_translation_enabled": false, "utc_offset": -14400, "statuses_count": 143441, "description": "#TrumpForLife #NotABot  #StandWithNRA #2ndSpecialProsecutor #FederalGrandJury   MAGA         Joined Twitter 1/16 for Trump.", "friends_count": 13966, "location": "", "profile_link_color": "1DA1F2", "profile_image_url": "http://pbs.twimg.com/profile_images/946490721959165952/IrrRR-_T_normal.jpg", "following": false, "geo_enabled": false, "profile_banner_url": "https://pbs.twimg.com/profile_banners/4660013206/1453844948", "profile_background_image_url": null, "screen_name": "CuteScarley", "lang": "en", "profile_background_tile": false, "favourites_count": 90926, "name": "Cutie1 #KeepAmericaGreat!", "notifications": false, "url": null, "created_at": "Thu Dec 31 02:17:56 +0000 2015", "contributors_enabled": false, "time_zone": "Eastern Time (US & Canada)", "protected": false, "default_profile": true, "is_translator": false}, "geo": null, "in_reply_to_user_id_str": null, "possibly_sensitive": false, "lang": "en", "created_at": "Mon Mar 12 09:18:11 +0000 2018", "in_reply_to_status_id_str": null, "place": null, "metadata": {"iso_language_code": "en", "result_type": "recent"}}, "user": {"follow_request_sent": false, "has_extended_profile": false, "profile_use_background_image": true, "default_profile_image": false, "id": 94384054, "profile_background_image_url_https": "https://abs.twimg.com/images/themes/theme1/bg.png", "verified": false, "translator_type": "none", "profile_text_color": "333333", "profile_image_url_https": "https://pbs.twimg.com/profile_images/963640319391817729/1YDp3na0_normal.jpg", "profile_sidebar_fill_color": "DDEEF6", "entities": {"url": {"urls": [{"url": "https://t.co/uavQHaePRU", "indices": [0, 23], "expanded_url": "http://gab.ai/Deacon11", "display_url": "gab.ai/Deacon11"}]}, "description": {"urls": []}}, "followers_count": 22634, "profile_sidebar_border_color": "FFFFFF", "id_str": "94384054", "profile_background_color": "C0DEED", "listed_count": 220, "is_translation_enabled": false, "utc_offset": -14400, "statuses_count": 105076, "description": "#IAmChristian Husband, Dad, Grandfather, NamVet 68-70 #CodeOfVets \ud83c\uddfa\ud83c\uddf8 #MolonLabe Mark10:6-9 #HolinessUntoTheLord.\ud83d\udd47 Stand with Israel \ud83c\uddee\ud83c\uddf1 RT not endorsement", "friends_count": 18453, "location": "Old School, USA ", "profile_link_color": "001BB3", "profile_image_url": "http://pbs.twimg.com/profile_images/963640319391817729/1YDp3na0_normal.jpg", "following": false, "geo_enabled": false, "profile_banner_url": "https://pbs.twimg.com/profile_banners/94384054/1408073753", "profile_background_image_url": "http://abs.twimg.com/images/themes/theme1/bg.png", "screen_name": "wattsjim", "lang": "en", "profile_background_tile": false, "favourites_count": 94450, "name": "DeaconBlue #MAGA2018\ud83c\uddfa\ud83c\uddf8", "notifications": false, "url": "https://t.co/uavQHaePRU", "created_at": "Thu Dec 03 18:25:34 +0000 2009", "contributors_enabled": false, "time_zone": "Eastern Time (US & Canada)", "protected": false, "default_profile": false, "is_translator": false}, "geo": null, "in_reply_to_user_id_str": null, "lang": "en", "created_at": "Tue Mar 13 03:09:19 +0000 2018", "in_reply_to_status_id_str": null, "place": null, "metadata": {"iso_language_code": "en", "result_type": "recent"}}
